model,mAP50-95,mAP50,mAP75,device,avg_runtime_sec,num_runs
yolo26n.pt,0.39937196435757527,0.5533644862141953,0.4346393877517549,gpu,0.013632249832153321,20
yolo26s.pt,0.4762345626156465,0.6409611696929203,0.5206153790021826,gpu,0.013948237895965577,20
yolo26m.pt,0.5230798499189175,0.6931071739462705,0.5719765552060465,gpu,0.01408853530883789,20
yolo26l.pt,0.5428199230256872,0.7112618193871274,0.5937070174664194,gpu,0.016203808784484863,20
yolo26x.pt,0.5683129348116751,0.7375475009456728,0.6216864036583818,gpu,0.01650242805480957,20
