model,mAP50-95,mAP50,mAP75,device,avg_runtime_sec,num_runs
yolov8n.pt,0.37143907025854217,0.5211458102739764,0.4038993086890453,cpu,0.09735003709793091,20
